song,artist,avg_popularity,total_days,reentry_count,momentum_score,momentum_score_final,album_type,is_explicit,Momentum_Level
1-800-hot-n-fun,LE SSERAFIM,0.713032581453634,0.012658227848101266,0.0,37.9625,0.3603137590812474,single,False,Low
24YB (Intro),YANGHONGWON,0.4143692564745196,0.0036166365280289334,0.0,21.566666666666666,0.2082696191956685,album,False,Low
3D (Alternate Ver.),Jung Kook & Jack Harlow,0.682205513784461,0.034358047016274866,0.0,40.025,0.35141017099711297,single,False,Low
3D (Alternate Ver.),Jung Kook & Jack Harlow,0.682205513784461,0.034358047016274866,0.0,40.025,0.35141017099711297,album,False,Low
3D (Justin Timberlake Remix),Jung Kook & Justin Timberlake,0.6098579782790309,0.009041591320072333,0.03225806451612903,42.21666666666667,0.31409307943876297,single,False,Low
3D (feat. Jack Harlow),Jung Kook,0.8001171760570257,0.5551537070524412,0.12903225806451613,172.30584415584414,0.5924111517571483,album,True,Medium
3D (feat. Jack Harlow),Jung Kook & Jack Harlow,0.8484604368063015,0.20072332730560577,0.0,75.91696428571429,0.4844472165948325,single,True,Medium
3D (feat. Jack Harlow),Jung Kook & Jack Harlow,0.8484604368063015,0.20072332730560577,0.0,75.91696428571429,0.4844472165948325,album,True,Medium
3D (feat. Jack Harlow) (Alternate Ver.),Jung Kook & Jack Harlow,0.0,0.0018083182640144665,0.0,0.6,0.0005424954792043399,single,False,Low
3D (feat. Jack Harlow) (Instrumental),Jung Kook & Jack Harlow,0.5094554568238778,0.018083182640144666,0.03225806451612903,38.70909090909091,0.26660429610720815,single,False,Low
3D (feat. Jack Harlow) (Instrumental),Jung Kook & Jack Harlow,0.5094554568238778,0.018083182640144666,0.03225806451612903,38.70909090909091,0.26660429610720815,album,False,Low
3D (feat. Jack Harlow) (MK Remix),Jung Kook & Jack Harlow & MK,0.3007518796992481,0.0054249547920434,0.0,16.2,0.15200342628723706,single,True,Low
990 (Feat. Kim Ximya),Beenzino,0.4651629072681704,0.007233273056057867,0.0,24.7,0.23475143555090255,album,True,Low
? ???? ? ? ??,DAY6,0.5213032581453634,0.0018083182640144665,0.03225806451612903,36.6,0.26764573745511183,single,False,Low
"??(??) (Untitled, 2014)",G-DRAGON,0.5964912280701754,0.0018083182640144665,0.03225806451612903,40.35,0.30523972241751784,single,False,Low
???,DAY6,0.49122807017543857,0.0018083182640144665,0.06451612903225806,45.1,0.25905975637337525,album,False,Low
???,Vaundy,0.7068258882500368,0.15189873417721517,0.0967741935483871,90.75294117647059,0.4183374030878603,album,False,Medium
??? - Spinning Globe,Kenshi Yonezu,0.7619047619047619,0.0018083182640144665,0.0,38.6,0.38149487643158525,single,False,Low
????,YOASOBI,0.8949492375005309,0.21157323688969257,0.0967741935483871,110.03559322033898,0.5303014285268507,single,False,Medium
????,YOASOBI,0.8949492375005309,0.21157323688969257,0.0967741935483871,110.03559322033898,0.5303014285268507,album,False,Medium
?????,Seiko Matsuda,0.529505582137161,0.018083182640144666,0.0,29.70909090909091,0.27017774586062393,album,False,Low
????? Melt Down,DAY6,0.5513784461152882,0.0018083182640144665,0.03225806451612903,38.1,0.28268333144007424,single,False,Low
?????????,Aimyon,0.6961521450685537,0.059674502712477394,0.0,44.92058823529412,0.36597842334802005,album,False,Low
A Psalm of Life,Lim Young Woong,0.5933842871641914,0.21699819168173595,0.1935483870967742,125.89504132231404,0.40050127850597134,album,False,Medium
A Yo (Feat. Beenzino),E SENS,0.38095238095238093,0.0,0.0,19.3,0.19047619047619047,album,False,Low
A bientot,Lim Young Woong,0.5892035052169431,0.5081374321880651,0.7741935483870968,353.98652482269506,0.6018816919423104,album,False,Medium
ABCD,NAYEON,0.6103720840562946,0.045207956600361664,0.03225806451612903,48.24230769230769,0.3252000419114816,album,False,Low
AK47,Men's Tear & ?????,0.49884711779448615,0.0433996383363472,0.06451612903225806,52.379999999999995,0.27534667620459885,single,False,Low
ALL RED,Playboi Carti,0.8387635756056808,0.0036166365280289334,0.0,42.733333333333334,0.4204667787612491,single,True,Medium
ANTIFRAGILE,LE SSERAFIM,0.7759398496240602,0.08860759493670886,0.03225806451612903,63.7,0.42100381619626853,album,False,Medium
APT.,ROSÉ & Bruno Mars,0.9495533706060021,0.06871609403254973,0.0,59.05897435897435,0.49539151351276595,single,False,Medium
ASAP,NewJeans,0.8537252221462747,0.07775768535262206,0.0,55.779545454545456,0.45018991667892394,single,False,Medium
Accendio,IVE,0.5964912280701754,0.0018083182640144665,0.0,30.35,0.298788109514292,single,False,Low
After LIKE,IVE,0.8448203842940684,0.08499095840867993,0.0,56.53541666666666,0.4479074796696382,single,False,Medium
All I Want for Christmas Is You,Mariah Carey,1.0,0.019891500904159132,0.03225806451612903,63.475,0.5124190631744736,album,False,Medium
All Or Nothing,J Money & KingLee,0.48621553884711777,0.0018083182640144665,0.03225806451612903,34.85,0.250101877805989,single,True,Low
Allergy,(G)I-DLE,0.7566917293233083,0.0433996383363472,0.0,45.24,0.3913657561625583,single,False,Low
Alone,Jimin,0.7818070975965713,0.7341772151898733,0.1935483870967742,221.092628992629,0.6498663907746025,single,False,Medium
"Angel Pt. 1 (feat. Jimin of BTS, JVKE & Muni Long)",Fast & Furious: The Fast Saga,0.2706766917293233,0.0,0.0,13.8,0.13533834586466165,compilation,False,Low
"Angel Pt. 1 (feat. Jimin of BTS, JVKE & Muni Long)",Fast & Furious: The Fast Saga & Jimin & BTS,0.8227943129713684,0.39059674502712477,0.0,106.136866359447,0.5285761799938217,single,False,Medium
"Angel Pt. 1 (feat. Jimin of BTS, JVKE & Muni Long) - Trailer Version",Fast & Furious: The Fast Saga & Jimin & BTS,0.717310517673494,0.1555153707052441,0.12903225806451613,101.87586206896552,0.43111632166122343,single,False,Medium
"Angel Pt. 2 (feat. Jimin of BTS, Charlie Puth and Muni Long)",Fast & Furious: The Fast Saga & Jimin & BTS,0.7330634278002699,0.11573236889692586,0.0967741935483871,86.06153846153846,0.4206062632788901,single,False,Medium
Another Level,Jin,0.6106174527227158,0.018083182640144666,0.0,33.75454545454545,0.31073368115340133,single,False,Low
Another Level,Jin,0.6106174527227158,0.018083182640144666,0.0,33.75454545454545,0.31073368115340133,album,False,Low
Armageddon,aespa,0.7434879333164371,0.32007233273056057,0.0967741935483871,120.4814606741573,0.4871205051870641,album,False,Medium
Armageddon,aespa & Grimes & Flava D,0.18045112781954886,0.0018083182640144665,0.0,9.6,0.09076805938897878,single,False,Low
As You Wish,WJSN,0.5263157894736842,0.0018083182640144665,0.0,26.85,0.2637003902160464,single,False,Low
Attention,NewJeans,0.825374695015685,0.27124773960216997,0.3225806451612903,186.4655629139073,0.5585777984207515,single,False,Medium
Attention (250 Remix),NewJeans,0.581453634085213,0.0,0.0,29.3,0.2907268170426065,album,False,Low
BACK TO ME,Kanye West & Ty Dolla $ign,0.8220551378446115,0.0018083182640144665,0.0,41.6,0.41157006440151006,album,True,Medium
BAHAMA,aespa,0.5614035087719298,0.0,0.0,28.3,0.2807017543859649,album,False,Low
BIRDS OF A FEATHER,Billie Eilish,0.977308135202872,0.33273056057866185,0.0967741935483871,134.24324324324323,0.607828074484712,album,False,Medium
BURN,Kanye West & Ty Dolla $ign,0.8020050125313283,0.0,0.0,40.3,0.40100250626566414,album,True,Medium
"BY COLOR, WHITE COLOR (Feat. KOVV)",YANGHONGWON,0.3943191311612364,0.0036166365280289334,0.0,20.566666666666666,0.1982445565390269,album,False,Low
Baddie,IVE,0.7859972511924973,0.11030741410488246,0.0967741935483871,87.8016129032258,0.4454456885373908,single,False,Medium
Baggy Jeans,NCT,0.6144527986633249,0.04159132007233273,0.03225806451612903,47.84583333333333,0.3261554082565881,album,False,Low
Bam Yang Gang,BIBI,0.7452397226833316,0.13743218806509944,0.0967741935483871,90.26883116883117,0.433204356470873,single,False,Medium
Be Mine,Jimin,0.8031707174914029,0.2314647377938517,0.03225806451612903,88.75813953488372,0.4774763929870828,album,False,Medium
Beautiful Things,Benson Boone,0.9400244798041615,0.15370705244122965,0.12903225806451613,112.68372093023255,0.5419308072473528,single,False,Medium
Beautiful Things,Benson Boone,0.9400244798041615,0.15370705244122965,0.12903225806451613,112.68372093023255,0.5419308072473528,album,False,Medium
Better Things,aespa,0.7662907268170426,0.05605786618444846,0.06451612903225806,67.81875,0.41286594907030744,single,False,Medium
Big Dawgs,Hanumankind & Kalmi,0.9223057644110275,0.009041591320072333,0.03225806451612903,57.8,0.4703169725047613,single,True,Medium
Bite Me,ENHYPEN,0.851258581235698,0.039783001808318265,0.03225806451612903,59.356521739130436,0.4440158040635703,single,False,Medium
Bling-Bang-Bang-Born,Creepy Nuts,0.9064521769540129,0.0759493670886076,0.12903225806451613,98.1093023255814,0.501817350216492,single,False,Medium
Blue,V,0.8436015411663487,0.11934900542495479,0.12903225806451613,102.17462686567164,0.483411923823564,single,False,Medium
Boat,george,0.581453634085213,0.0036166365280289334,0.0,29.9,0.2918118080010152,single,False,Low
Boom Boom Bass,RIIZE,0.6550059358923624,0.16998191681735983,0.12903225806451613,101.16842105263157,0.4043039946042924,album,False,Medium
"Boys Like Girls (Feat. Gist, Jayci yucca)",Leellamarz,0.26265664160401,0.007233273056057867,0.0,14.6,0.13349830271882235,album,False,Low
Broken Melodies,NCT DREAM,0.66750208855472,0.019891500904159132,0.03225806451612903,46.891666666666666,0.3461701074518336,single,False,Low
Broken Melodies,NCT DREAM,0.66750208855472,0.019891500904159132,0.03225806451612903,46.891666666666666,0.3461701074518336,album,False,Low
Bubble,STAYC,0.581453634085213,0.0,0.0,29.3,0.2907268170426065,single,False,Low
Bubble Gum,NewJeans,0.78093671679198,0.22965641952983723,0.22580645161290322,147.34921875,0.5045265745775218,single,False,Medium
Bubble Gum (Instrumental),NewJeans,0.5213032581453634,0.0,0.0,26.3,0.2606516290726817,single,False,Low
But Daddy I Love Him,Taylor Swift,0.8120300751879699,0.0018083182640144665,0.0,41.1,0.40655753307318926,album,True,Medium
But Sometimes,BOYNEXTDOOR,0.66798575385833,0.0325497287522604,0.03225806451612903,49.015789473684215,0.35020940845806897,single,False,Low
CARNIVAL,Kanye West & Ty Dolla $ign,0.858813700918964,0.0036166365280289334,0.0,43.733333333333334,0.4304918414178907,album,True,Medium
CARNIVAL,¥$ & Kanye West & Ty Dolla $ign,0.8105979233798782,0.023508137432188065,0.0967741935483871,74.62857142857143,0.43170624162927296,single,True,Medium
CARNIVAL,¥$ & Kanye West & Ty Dolla $ign,0.8105979233798782,0.023508137432188065,0.0967741935483871,74.62857142857143,0.43170624162927296,album,True,Medium
CHIHIRO,Billie Eilish,0.8370927318295739,0.0054249547920434,0.03225806451612903,52.95,0.4266254652556258,album,False,Medium
CRAZY,LE SSERAFIM,0.7739831506477035,0.14828209764918623,0.03225806451612903,73.50240963855421,0.43792781752183346,single,False,Medium
CRAZY,LE SSERAFIM,0.7739831506477035,0.14828209764918623,0.03225806451612903,73.50240963855421,0.43792781752183346,album,False,Medium
CROOKED,G-DRAGON,0.6186895810955961,0.0108499095840868,0.06451612903225806,52.957142857142856,0.3255029892294757,album,False,Low
Camp,Beenzino,0.40100250626566414,0.0018083182640144665,0.0,20.6,0.20104374861203642,album,True,Low
Candy (Feat. Zion.T),Jay Park,0.6115288220551378,0.0108499095840868,0.0967741935483871,62.6,0.32837422261247234,single,False,Low
Chasing Lightning,LE SSERAFIM,0.6015037593984962,0.0,0.0,30.3,0.3007518796992481,single,False,Low
Chasing That Feeling,TOMORROW X TOGETHER,0.45112781954887216,0.007233273056057867,0.0,24.0,0.22773389169125344,album,False,Low
Cheers to youth,SEVENTEEN,0.6349206349206349,0.0036166365280289334,0.0,32.56666666666667,0.31854530841872614,album,False,Low
Chemical,Post Malone,0.9122807017543859,0.0,0.0,45.8,0.45614035087719296,single,True,Medium
Cherish (My Love),ILLIT,0.671400724032303,0.06329113924050633,0.0,44.28611111111111,0.3546877037883034,single,False,Low
Chill Kill,Red Velvet,0.7241633495503464,0.028933092224231464,0.0,41.21764705882353,0.37076160244244266,album,False,Low
Chk Chk Boom,Stray Kids,0.6439628482972136,0.028933092224231464,0.03225806451612903,47.21764705882353,0.33711296471910207,album,False,Low
Christmas Love,Jimin,0.6989888514389421,0.05063291139240506,0.45161290322580644,183.56206896551726,0.4550068797823539,single,False,Medium
Christmas Tree,V,0.8341687552213867,0.12839059674502712,0.03225806451612903,73.20416666666667,0.4620531695374273,single,False,Medium
Christmas Without You,Ava Max,0.8521303258145363,0.0036166365280289334,0.0,43.4,0.42715015386567684,single,False,Medium
Circles,Post Malone,0.8922305764411027,0.0018083182640144665,0.0,45.1,0.4466577836997557,album,False,Medium
Citi+,YANGHONGWON,0.40100250626566414,0.0,0.0,20.3,0.20050125313283207,single,False,Low
Click Like (Prod. Crush) (Feat. Paul Blanco),Various Artists,0.568922305764411,0.0054249547920434,0.03225806451612903,39.575,0.29254025222304436,single,False,Low
Closer Than This,Jimin,0.8088878913702165,0.6039783001808318,0.12903225806451613,180.84328358208955,0.611443887352261,single,False,Medium
Closer Than This,Jimin,0.8088878913702165,0.6039783001808318,0.12903225806451613,180.84328358208955,0.611443887352261,album,False,Medium
Closer to You (feat. Major Lazer),Jung Kook,0.8319131161236424,0.10669077757685352,0.4193548387096774,189.49166666666667,0.5318347590768127,album,False,Medium
Coca Cola Red (Feat. oygli),Beenzino,0.46115288220551376,0.007233273056057867,0.0,24.5,0.23274642301957424,album,True,Low
Combo,RIIZE,0.38095238095238093,0.0018083182640144665,0.0,19.6,0.1910186859553948,album,False,Low
Come back to me,RM,0.7268170426065163,0.009041591320072333,0.03225806451612903,48.05,0.37257261160250565,single,False,Low
Come back to me,RM,0.7268170426065163,0.009041591320072333,0.03225806451612903,48.05,0.37257261160250565,album,False,Low
Cool With You,NewJeans,0.8718307396397971,0.15370705244122965,0.03225806451612903,79.28255813953488,0.48847909845549325,single,False,Medium
Cosmic,Red Velvet,0.6997493734335839,0.0433996383363472,0.03225806451612903,52.4,0.36934619112092193,single,False,Low
Crazier,LE SSERAFIM,0.6115288220551378,0.0,0.0,30.8,0.3057644110275689,single,False,Low
Cream Soda,EXO,0.7568922305764411,0.0018083182640144665,0.0,38.35,0.37898861076742485,album,False,Low
"Crime (Feat. Bek Hyunjin, 250)",Beenzino,0.40100250626566414,0.0018083182640144665,0.0,20.6,0.20104374861203642,album,True,Low
Cruel Summer,Taylor Swift,0.9765449480274391,0.45207956600361665,0.5161290322580645,284.00517928286854,0.7271221502664175,album,False,Medium
Cupid,FIFTY FIFTY,0.8798920377867746,0.0922242314647378,0.03225806451612903,69.48461538461538,0.47406490123603445,single,False,Medium
Cupid - Twin Ver.,FIFTY FIFTY,0.9846153846153847,0.11573236889692586,0.0967741935483871,98.6076923076923,0.5463822416864476,single,False,Medium
Cupido,Engel Montaz & Kuv507 & Latinnites Music,0.6917293233082706,0.0054249547920434,0.03225806451612903,45.7,0.35394376099497415,single,False,Low
DASH,NMIXX,0.7801646974579305,0.09945750452079566,0.0,55.71071428571429,0.41991960008520396,album,False,Medium
DELRESTO (ECHOES),Travis Scott,0.0,0.0,0.0,0.3,0.0,album,True,Low
DIE 4 YOU,DEAN,0.7175080558539204,0.048824593128390596,0.0,44.18571428571428,0.3734014058654774,single,False,Low
DO IT,Kanye West & Ty Dolla $ign,0.7819548872180451,0.0,0.0,39.3,0.39097744360902253,album,True,Low
DRIP,BABYMONSTER,0.7644110275689222,0.04159132007233273,0.0,45.325,0.39468290980616094,album,False,Low
Dance The Night (From Barbie The Album),Dua Lipa,0.9557226399331662,0.030741410488245934,0.0967741935483871,83.06666666666666,0.5064385818227343,single,False,Medium
Dancing In The Flames,The Weeknd,0.8220551378446115,0.0108499095840868,0.0,43.1,0.41428254179753177,single,False,Medium
Dangerous,BOYNEXTDOOR,0.5931495405179615,0.019891500904159132,0.0,33.18333333333333,0.3025422205302285,single,False,Low
Dangerous,BOYNEXTDOOR,0.5931495405179615,0.019891500904159132,0.0,33.18333333333333,0.3025422205302285,album,False,Low
Dangerously,Charlie Puth,0.5295381310418904,0.048824593128390596,0.12903225806451613,74.81071428571428,0.3052228950723656,album,False,Low
Dare to Love (feat. BIG Naughty),B.I,0.6390977443609023,0.012658227848101266,0.03225806451612903,44.275,0.32979795343810736,album,False,Low
"Darling, I (feat. Teezo Touchdown)","Tyler, The Creator",0.7919799498746867,0.0018083182640144665,0.0,40.1,0.39653247041654766,album,True,Low
Deja Vu,TOMORROW X TOGETHER,0.8242033655567489,0.048824593128390596,0.0,49.50714285714285,0.4267490607168916,album,False,Medium
Demon,$ecrecy,0.38095238095238093,0.0,0.0,19.3,0.19047619047619047,album,True,Low
Deseydin Anlard?m,EDES,0.010025062656641603,0.0018083182640144665,0.0,1.1,0.005555026807525142,single,False,Low
Die With A Smile,Lady Gaga & Bruno Mars,0.9704844635861497,0.18444846292947556,0.0,79.30291262135921,0.5405767706719176,single,False,Medium
Discord,QWER,0.5854636591478696,0.007233273056057867,0.03225806451612903,40.7,0.301353424393978,single,False,Low
Ditto,NewJeans,0.8426949727259324,0.6745027124773959,0.8709677419354839,424.2294117647059,0.7978918484932818,single,False,High
Ditto (250 Remix),NewJeans,0.5864661654135338,0.0018083182640144665,0.0,29.85,0.2937755781859712,album,False,Low
Do or Die,Lim Young Woong,0.6587237324079429,0.7034358047016275,0.22580645161290322,219.85384615384615,0.5855538979370404,single,False,Medium
Don't Look Back In Anger - Remastered,Oasis,0.7769423558897243,0.0018083182640144665,0.03225806451612903,49.35,0.3954652863272923,album,False,Low
Don't Look Back in Anger - Remastered,Oasis,0.737844611528822,0.007233273056057867,0.06451612903225806,58.3,0.38399551348767996,album,False,Low
Dopamine - GISELLE Solo,aespa,0.631578947368421,0.0,0.0,31.8,0.3157894736842105,single,False,Low
Dope As (Interlude),Beenzino,0.41604010025062654,0.0018083182640144665,0.0,21.35,0.20856254560451762,album,True,Low
Down Bad,Taylor Swift,0.838095238095238,0.007233273056057867,0.0,43.3,0.4212176009644364,album,True,Medium
Drama,aespa,0.8444325098460437,0.40325497287522605,0.25806451612903225,189.31607142857143,0.5948056500113962,album,False,Medium
Dreamers [Music from the FIFA World Cup Qatar 2022 Official Soundtrack],Jung Kook & BTS,0.8500132318373573,0.28933092224231466,0.12903225806451613,130.6944099378882,0.5376123442042763,single,False,Medium
Drowning,WOODZ,0.6043680630146795,0.0108499095840868,0.06451612903225806,52.24285714285714,0.31834223018901736,single,False,Low
EASY,LE SSERAFIM,0.845233651504648,0.25316455696202533,0.3225806451612903,184.4560283687943,0.5630823218731897,single,False,Medium
ENGLAND,YANGHONGWON,0.42105263157894735,0.0054249547920434,0.0,22.2,0.21215380222708669,album,False,Low
ETA,NewJeans,0.8361197110423116,0.6130198915009041,0.5806451612903225,323.7014705882353,0.7180948552294916,single,False,Medium
"Earth, Wind & Fire",BOYNEXTDOOR,0.7069674185463658,0.0433996383363472,0.0,42.76,0.36650360077408706,album,False,Low
Either Way,IVE,0.7706107373697401,0.06690777576853527,0.0,49.834210526315786,0.4053777014154306,single,False,Medium
Elevator,Lim Young Woong,0.5547201336675021,0.009041591320072333,0.0967741935483871,59.46666666666667,0.29942738293945015,single,False,Low
Espresso,Sabrina Carpenter,0.9669059011164274,0.31645569620253167,0.06451612903225806,121.02443181818182,0.5912928852254249,single,True,Medium
Espresso,Sabrina Carpenter,0.9669059011164274,0.31645569620253167,0.06451612903225806,121.02443181818182,0.5912928852254249,album,True,Medium
"Eve, Psyche & The Bluebeards wife",LE SSERAFIM,0.8424113719413036,0.23508137432188064,0.0,81.31526717557252,0.491730098267216,album,False,Medium
Even for a moment,Sung Si Kyung & Naul,0.0,0.0,0.0,0.3,0.0,single,False,Low
Event Horizon,Younha,0.6416040100250626,0.0,0.0,32.3,0.3208020050125313,album,False,Low
Every Moment With You,JAESSBEE,0.46115288220551376,0.012658227848101266,0.0,25.4,0.23437390945718725,single,False,Low
FE!N,Travis Scott,0.5714285714285714,0.0036166365280289334,0.0,29.4,0.2867992766726944,album,True,Low
FE!N (feat. Playboi Carti),Travis Scott,0.9022556390977443,0.0036166365280289334,0.0,45.9,0.45221281050728085,album,True,Medium
FIELD TRIP,¥$ & Kanye West & Ty Dolla $ign,0.6906154274575327,0.014466546112115734,0.03225806451612903,47.144444444444446,0.3560992904656269,album,True,Low
FLOWER,JISOO,0.8548644338118021,0.07775768535262206,0.0967741935483871,85.83636363636363,0.4701143612213651,single,False,Medium
FOREVER,BABYMONSTER,0.5843179377013963,0.0108499095840868,0.0,31.242857142857144,0.29541394172592417,single,False,Low
FRI(END)S,V,0.900501253132832,0.2151898734177215,0.1935483870967742,140.9125,0.5535172660110873,single,False,Medium
FRI(END)S (Instrumental),V,0.7255639097744361,0.012658227848101266,0.0,38.5875,0.36657942324164844,single,False,Low
FRI(END)S (Slowed Down),V,0.7180451127819548,0.012658227848101266,0.0,38.2125,0.3628200247454078,single,False,Low
FRI(END)S (Sped Up),V,0.7205513784461153,0.012658227848101266,0.0,38.3375,0.36407315757748804,single,False,Low
FRIED,¥$ & Kanye West & Ty Dolla $ign,0.47451963241436923,0.0036166365280289334,0.0,24.566666666666666,0.2383448071655933,album,True,Low
FUK SUMN,Kanye West & Ty Dolla $ign,0.8020050125313283,0.0,0.0,40.3,0.40100250626566414,album,True,Medium
Face-off,Jimin,0.7896094917095694,0.7323688969258589,0.3225806451612903,261.1817733990148,0.6790315439648005,single,True,Medium
Fact Check,NCT 127,0.6093010303536619,0.014466546112115734,0.03225806451612903,43.08888888888889,0.3154420919136915,album,False,Low
Falling,Jin,0.6033264980633402,0.018083182640144666,0.0,33.39090909090909,0.3070882038237135,single,False,Low
Falling,Jin,0.6033264980633402,0.018083182640144666,0.0,33.39090909090909,0.3070882038237135,album,False,Low
Fast Forward,JEON SOMI,0.7336762960031659,0.13562386980108498,0.0,59.3921052631579,0.4075253089419084,single,False,Medium
Fate,(G)I-DLE,0.7262032632601912,0.17540687160940324,0.12903225806451613,105.61938775510204,0.4415301447258198,album,False,Medium
Father,Lim Young Woong,0.5886414148578994,0.18987341772151897,0.16129032258064516,111.15849056603773,0.38354079726153445,album,False,Low
Fighting (Feat. Lee Young Ji),BSS,0.7819548872180451,0.030741410488245934,0.03225806451612903,54.4,0.4066514796587221,single,False,Medium
Filter,BTS,0.7461510920157537,0.0108499095840868,0.0967741935483871,69.31428571428572,0.3956853575927803,album,False,Low
"Flights, Not Feelings",aespa,0.531328320802005,0.0018083182640144665,0.0,27.1,0.2662066558802068,single,False,Low
Flooded The Face,Lil Uzi Vert,0.7919799498746867,0.0,0.0,39.8,0.39598997493734334,album,True,Low
Flowers,aespa,0.5112781954887218,0.0,0.0,25.8,0.2556390977443609,single,False,Low
For Us,V,0.8449292244696247,0.12658227848101264,0.03225806451612903,73.44084507042254,0.46689090868234195,single,False,Medium
Fortnight (feat. Post Malone),Taylor Swift,0.9421227487322958,0.0759493670886076,0.06451612903225806,79.88837209302326,0.5067494102991819,album,False,Medium
Frys Dream,AKMU,0.6234454059677496,0.09403254972875226,0.06451612903225806,66.9943396226415,0.35283569370895207,single,False,Low
G.O.A.T,TAEMIN,0.5213032581453634,0.0,0.0,26.3,0.2606516290726817,single,False,Low
GOD'S COUNTRY,Travis Scott,0.0,0.0,0.0,0.3,0.0,album,True,Low
GODS,League of Legends & NewJeans,0.859445912077491,0.1989150090415913,0.06451612903225806,96.16486486486485,0.5023006845576745,single,False,Medium
GOSLOW,YANGHONGWON,0.404344193817878,0.0036166365280289334,0.0,21.066666666666666,0.2032570878673477,album,False,Low
Get A Guitar,RIIZE,0.6973518452215193,0.3399638336347197,0.25806451612903225,171.48042328042328,0.502277975926982,single,False,Medium
Get The Hell Out,DAY6,0.5213032581453634,0.0,0.0,26.3,0.2606516290726817,album,False,Low
Get Up,NewJeans,0.8584619443345205,0.06690777576853527,0.0,54.21578947368421,0.44930330489782083,single,False,Medium
Girls Never Die,tripleS,0.6862809196905306,0.081374321880651,0.03225806451612903,58.028260869565216,0.37400436931268644,album,False,Low
God of Music,SEVENTEEN,0.6425153793574846,0.018083182640144666,0.0,35.345454545454544,0.3266826444707857,album,False,Low
Gonna Be A Rock,BOYNEXTDOOR,0.5513784461152882,0.0,0.0,27.8,0.2756892230576441,album,False,Low
Good Bones,LE SSERAFIM,0.6666666666666666,0.0018083182640144665,0.0,33.85,0.33387582881253763,single,False,Low
Grain of Sand,Lim Young Woong,0.6531833459618036,0.9312839059674503,0.22580645161290322,257.37751937984495,0.6511381350937175,single,False,Medium
Guess featuring Billie Eilish,Charli xcx & Billie Eilish,0.8859649122807017,0.012658227848101266,0.03225806451612903,56.5875,0.4532315373980071,single,False,Medium
Gym,Beenzino,0.39097744360902253,0.0018083182640144665,0.0,20.1,0.19603121728371561,album,True,Low
HAPPY,DAY6,0.6238422142312302,0.16455696202531644,0.03225806451612903,68.7141304347826,0.36773980862643585,album,False,Low
HAPPY,DAY6,0.6238422142312302,0.16455696202531644,0.03225806451612903,68.7141304347826,0.36773980862643585,single,False,Low
HARD,SHINee,0.6666666666666666,0.0054249547920434,0.0,34.45,0.3349608197709463,album,False,Low
HELIOT EMIL,CHANGMO,0.45112781954887216,0.0,0.0,22.8,0.22556390977443608,single,False,Low
HERO,Lim Young Woong,0.5866919551130078,0.1989150090415913,0.12903225806451613,102.56126126126125,0.3788269318818845,single,False,Low
HEYA,IVE,0.618760014791076,0.10849909584086799,0.0,49.160655737704914,0.3419297361477984,single,False,Low
HOME SWEET HOME (feat. TAEYANG & DAESUNG),G-DRAGON & TAEYANG & DAESUNG,0.6390977443609023,0.0054249547920434,0.0,33.075,0.32117635861806415,single,False,Low
HYAENA,Travis Scott,0.42606516290726815,0.0018083182640144665,0.0,21.85,0.21357507693283842,album,True,Low
Haegeum,Agust D,0.8709693697330575,0.26763110307414106,0.16129032258064516,138.13959731543625,0.5480320803049,album,False,Medium
Hate You,Jung Kook,0.8362633201709309,0.24954792043399635,0.1935483870967742,143.40863309352517,0.5317057136350192,album,False,Medium
Heart on the Window (with WENDY),Jin,0.6160856687172476,0.018083182640144666,0.0,34.027272727272724,0.3134677891506672,single,False,Low
Heart on the Window (with WENDY),Jin,0.6160856687172476,0.018083182640144666,0.0,34.027272727272724,0.3134677891506672,album,False,Low
Heavy Is the Crown,Linkin Park,0.7819548872180451,0.0,0.0,39.3,0.39097744360902253,single,False,Low
Hell yea,Leellamarz & YANGHONGWON,0.38095238095238093,0.0,0.0,19.3,0.19047619047619047,single,False,Low
Here With Me,d4vd,0.7915789473684209,0.08860759493670886,0.0,54.48,0.4223717521652231,single,False,Medium
High Note,KingLee & Code G,0.6516290726817042,0.0018083182640144665,0.0,33.1,0.32635703182005643,single,True,Low
Holssi,IU,0.6804107041798043,0.054249547920433995,0.06451612903225806,63.23548387096774,0.36938344227248393,single,False,Low
Home,Lim Young Woong,0.6279048406356204,0.3435804701627486,0.0967741935483871,118.61675392670156,0.43638140007631215,single,False,Medium
Honestly,RIIZE,0.5112781954887218,0.0,0.0,25.8,0.2556390977443609,single,False,Low
Horizon,TAEMIN,0.5363408521303258,0.0018083182640144665,0.0,27.35,0.2687129215443672,single,False,Low
How Sweet,NewJeans,0.8122480113326794,0.3309222423146474,0.06451612903225806,115.7108695652174,0.5183039041671855,single,False,Medium
How Sweet (Instrumental),NewJeans,0.6095238095238095,0.007233273056057867,0.0,31.9,0.3069318866787221,single,False,Low
"How can I love the heartbreak, you're the one I love",AKMU,0.6136553504974557,0.05786618444846293,0.06451612903225806,60.50606060606061,0.3370907563897183,album,False,Low
Hype Boy,NewJeans,0.8277703604806408,0.5786618444846292,0.6774193548387096,347.585046728972,0.7229676045534511,single,False,Medium
I AM,IVE,0.8663167352343122,0.2857142857142857,0.0,90.90754716981132,0.5188726533314418,album,False,Medium
I Dont Think That I Like Her,Charlie Puth,0.731829573934837,0.012658227848101266,0.12903225806451613,78.9,0.39551870693475216,album,False,Low
I Had Some Help (Feat. Morgan Wallen),Post Malone & Morgan Wallen,0.8966861598440545,0.014466546112115734,0.03225806451612903,57.422222222222224,0.4591346566588878,single,True,Medium
I Like Me Better,Lauv,0.8421052631578947,0.0018083182640144665,0.03225806451612903,52.6,0.4280467399613775,album,False,Medium
I Love You,Lim Young Woong,0.5878696741854637,0.2694394213381555,0.3870967741935484,194.32,0.4521860183328882,album,False,Medium
I stan U,IU,0.5513784461152882,0.0054249547920434,0.0,28.7,0.2773167094952571,single,False,Low
I will come to you,Jin,0.6115288220551378,0.0162748643761302,0.03225806451612903,43.5,0.31709848324363377,single,False,Low
I will come to you,Jin,0.6115288220551378,0.0162748643761302,0.03225806451612903,43.5,0.31709848324363377,album,False,Low
I'll Be There,Jin,0.8661654135338346,0.0433996383363472,0.0,50.7,0.44610259826782145,single,False,Medium
ISTJ,NCT DREAM,0.6630862871464375,0.0108499095840868,0.0,35.17142857142857,0.33479811644844476,album,False,Low
ITEM,Stray Kids,0.6917293233082706,0.0,0.0,34.8,0.3458646616541353,album,False,Low
If I have you only (My love X Nerd Connection),Nerd Connection,0.5377730039384174,0.09945750452079566,0.29032258064516125,133.62142857142857,0.35678826945447967,single,False,Low
"If Im S, Can You Be My N?",TWS,0.6735887337391097,0.03616636528028933,0.03225806451612903,49.89523809523809,0.3540958893568675,single,False,Low
If We Ever Meet Again,Lim Young Woong,0.6029359112065878,0.9095840867992766,0.25806451612903225,261.2714285714286,0.6259560848688833,album,False,Medium
Igloo,KISS OF LIFE,0.7694995063416115,0.05786618444846293,0.0,48.278787878787874,0.4021096085053446,single,False,Medium
Impossible,RIIZE,0.6438596491228069,0.0705244122965642,0.03225806451612903,54.1125,0.34953876115359855,single,False,Low
Impossible,RIIZE,0.6438596491228069,0.0705244122965642,0.03225806451612903,54.1125,0.34953876115359855,album,False,Low
In Bed/Makgulli,Beenzino,0.45864661654135336,0.0054249547920434,0.0,24.075,0.2309507947082897,album,True,Low
In Bloom,ZEROBASEONE,0.758563074352548,0.009041591320072333,0.06451612903225806,59.63333333333333,0.3948972403787473,single,False,Low
Interlude : Dive,Jimin,0.7730009956397843,0.6582278481012658,0.6774193548387096,358.05342465753426,0.7194527232180138,single,False,Medium
Interlude : Showtime,Jimin,0.7361815391191155,0.2314647377938517,0.03225806451612903,85.41705426356589,0.4439818038009391,album,False,Medium
Intro: Singularity,BTS,0.7117794486215538,0.009041591320072333,0.06451612903225806,57.3,0.3715054275132502,album,False,Low
It's Beginning to Look a Lot like Christmas,Michael Bublé,0.8721804511278195,0.0054249547920434,0.0,44.7,0.43771771200152276,album,False,Medium
It's the Most Wonderful Time of the Year,Andy Williams,0.7919799498746867,0.0018083182640144665,0.0,40.1,0.39653247041654766,album,False,Low
Ill Be There,Jin,0.6043680630146795,0.0108499095840868,0.0,32.24285714285714,0.30543900438256577,album,False,Low
Ill See You There Tomorrow,TOMORROW X TOGETHER,0.7790905836018617,0.0108499095840868,0.03225806451612903,50.957142857142856,0.3992518775793827,album,False,Low
JEALOUSYVALHALLA,YANGHONGWON,0.4444444444444444,0.009041591320072333,0.0,23.96666666666667,0.22493469961824392,album,False,Low
Jealousyvalhalla,YANGHONGWON,0.35488721804511275,0.007233273056057867,0.03225806451612903,29.2,0.18606520384259953,single,False,Low
Jeogeumtong,E SENS,0.38095238095238093,0.0,0.0,19.3,0.19047619047619047,album,False,Low
Jingle Bell Rock,Bobby Helms,0.9423558897243107,0.0036166365280289334,0.0,47.9,0.47226293582056406,single,False,Medium
K-POP,Travis Scott & Bad Bunny & The Weeknd,0.7401837928153717,0.009041591320072333,0.03225806451612903,48.71666666666666,0.3792559867069334,single,True,Low
KEYS TO MY LIFE,Kanye West & Ty Dolla $ign,0.7919799498746867,0.0,0.0,39.8,0.39598997493734334,album,True,Low
KIDDING,ISEGYE IDOL,0.3508771929824561,0.0036166365280289334,0.0,18.4,0.17652358744963675,single,False,Low
Kill Bill,SZA,0.9423558897243107,0.0759493670886076,0.0967741935483871,89.9,0.5133175936984151,album,False,Medium
Kill It,aespa,0.5513784461152882,0.0054249547920434,0.0,28.7,0.2773167094952571,single,False,Low
Kitsch,IVE,0.7957938324071048,0.16455696202531644,0.06451612903225806,87.29021739130435,0.4601672306175989,album,False,Medium
Klaxon,(G)I-DLE,0.7445887445887445,0.0379746835443038,0.06451612903225806,63.736363636363635,0.39659000316411497,single,False,Low
LALALALA,Stray Kids,0.6335839598997494,0.007233273056057867,0.0,33.1,0.31896196186669207,album,False,Low
LALALI,SEVENTEEN,0.6115288220551378,0.0,0.0,30.8,0.3057644110275689,album,False,Low
LOCKDOWN,ISEGYE IDOL,0.44360902255639095,0.0054249547920434,0.0,23.325,0.2234319977158085,single,False,Low
LOST!,RM,0.8020050125313283,0.0108499095840868,0.0,42.1,0.40425747914089016,album,True,Medium
LOVE DIVE,IVE,0.8320802005012531,0.009041591320072333,0.0967741935483871,73.3,0.43810741635632566,single,False,Medium
"LOVE, MONEY, FAME (feat. DJ Khaled)",SEVENTEEN,0.7492063492063492,0.02531645569620253,0.0,41.86666666666667,0.38219811131203535,single,False,Low
LUNCH,Billie Eilish,0.9243799153055051,0.05063291139240506,0.0,54.80344827586207,0.4773798310704741,album,False,Medium
Last Christmas - Single Version,Wham!,0.8922305764411027,0.012658227848101266,0.03225806451612903,56.9,0.4563643694782076,album,False,Medium
Left and Right (Feat. Jung Kook of BTS),Charlie Puth,0.8404196331536806,0.40687160940325495,0.25806451612903225,189.71592920353982,0.5938842026236233,album,False,Medium
Lemon,Beenzino,0.43107769423558895,0.0036166365280289334,0.0,22.4,0.21662383807620317,album,True,Low
Let It Snow! Let It Snow! Let It Snow!,Dean Martin,0.9523809523809523,0.0036166365280289334,0.0,48.4,0.47727546714888486,album,False,Medium
Let Me In,EXO,0.7218045112781954,0.0,0.0,36.3,0.3609022556390977,single,False,Low
Let off steam,Leellamarz & YANGHONGWON,0.41102756892230574,0.0018083182640144665,0.0,21.1,0.20605627994035722,single,False,Low
Let's Say Goodbye,Parc Jae Jung,0.540710751237067,0.13924050632911392,0.06451612903225806,70.36794871794872,0.3250307533237193,album,False,Low
Letter To Myself,TAEYEON,0.5914786967418546,0.0054249547920434,0.0,30.7,0.2973668348085403,single,False,Low
Licorice,aespa,0.5981620718462823,0.0036166365280289334,0.0,30.73333333333333,0.30016602688154986,album,False,Low
Lie,BTS,0.7017543859649122,0.0,0.0,35.3,0.3508771929824561,album,False,Low
Like A Fool (Feat. Y2K92),Beenzino,0.43859649122807015,0.0054249547920434,0.0,23.075,0.2209257320516481,album,True,Low
Like Crazy,Jimin,0.8944020701573427,1.0,0.16129032258064516,260.80830324909743,0.7794590995948003,single,False,High
Like Crazy (Deep House Remix),Jimin,0.7164339419978517,0.048824593128390596,0.29032258064516125,134.13214285714287,0.43092886506647526,single,False,Medium
Like Crazy (English Version),Jimin,0.8239947187315608,0.7739602169981916,0.0967741935483871,199.7967365967366,0.6635402631749153,single,False,Medium
Like Crazy (Instrumental),Jimin,0.681704260651629,0.009041591320072333,0.06451612903225806,55.8,0.3564678335282878,single,False,Low
Like Crazy (UK Garage Remix),Jimin,0.7145864661654135,0.0433996383363472,0.25806451612903225,123.14,0.4219260278094174,single,False,Medium
Like That,Future & Metro Boomin,0.9022556390977443,0.0054249547920434,0.03225806451612903,56.2,0.459206918889711,album,True,Medium
Lilith (feat. SUGA of BTS) (Diablo IV Anthem),Halsey & SUGA,0.8354636591478697,0.14285714285714285,0.1935483870967742,125.66875,0.49929864985043254,single,True,Medium
Little Light,DOYOUNG,0.6679197994987468,0.012658227848101266,0.03225806451612903,45.7125,0.3442089810070296,album,False,Low
Live My Life,aespa,0.5764411027568922,0.0018083182640144665,0.0,29.35,0.2887630468576504,album,False,Low
London Boy,Lim Young Woong,0.6436629000524343,0.9403254972875226,0.3225806451612903,288.4026871401152,0.668445228244732,single,False,Medium
Lose My Breath,Stray Kids,0.5413533834586466,0.0,0.0,27.3,0.2706766917293233,single,False,Low
Lose My Breath (Feat. Charlie Puth),Stray Kids & Charlie Puth,0.7117794486215538,0.0,0.0,35.8,0.3558897243107769,single,False,Low
Lost and Found,KingLee & Lil' Flip,0.5948203842940685,0.0036166365280289334,0.03225806451612903,40.56666666666666,0.30494679600866875,single,True,Low
Love 119,RIIZE,0.7058386707509514,0.1934900542495479,0.0967741935483871,97.6037037037037,0.4303211903600175,single,False,Medium
Love Always Run Away,Lim Young Woong,0.5969401114727115,0.24050632911392403,0.45161290322580644,209.97238805970147,0.4609445351156943,single,False,Medium
Love Lee,AKMU,0.7527354972797847,0.14647377938517178,0.03225806451612903,72.14268292682927,0.4267614953586697,single,False,Medium
Love Letter,Lim Young Woong,0.585062656641604,0.1338155515370705,0.29032258064516125,141.68,0.3907405099109554,album,False,Low
Love Me Again,V,0.8875066130144124,0.8462929475587703,0.12903225806451613,224.9643923240938,0.7234476423877404,single,False,Medium
Love Me Like This,NMIXX,0.7736006683375104,0.030741410488245934,0.06451612903225806,63.983333333333334,0.40892598312168055,single,False,Medium
Love Station,Lim Young Woong,0.5614035087719298,0.007233273056057867,0.0967741935483871,59.5,0.3022265750124597,album,False,Low
Love You With All My Heart,Crush,0.777532065457762,0.059674502712477394,0.03225806451612903,58.97941176470589,0.41311999644585,single,False,Medium
Love wins all,IU,0.8070765148164528,0.15189873417721517,0.0967741935483871,95.75294117647059,0.46846271637106834,single,False,Medium
Lovely Touch,Lim Young Woong,0.5871822413175796,0.21338155515370702,0.16129032258064516,114.98571428571428,0.3898636517210309,album,False,Low
Lovin On Me,Jack Harlow,0.9924812030075187,0.02531645569620253,0.06451612903225806,74.0,0.5167387640190718,single,True,Medium
Loving You,Lim Young Woong,0.5651629072681704,0.012658227848101266,0.0967741935483871,60.5875,0.305733760698193,album,False,Low
Lucky Girl Syndrome,ILLIT,0.7590907092292134,0.10126582278481013,0.12903225806451613,94.95964912280702,0.43573155306295297,single,False,Medium
MAESTRO,SEVENTEEN,0.7688451898978215,0.0216998191681736,0.03225806451612903,52.246153846153845,0.39738415360258866,album,False,Low
MANIAC,VIVIZ,0.8181993445151339,0.0216998191681736,0.12903225806451613,84.7076923076923,0.4414160696209223,single,False,Medium
MELTDOWN,Travis Scott,0.42105263157894735,0.0018083182640144665,0.0,21.6,0.21106881126867802,album,True,Low
MEOW,MEOVV,0.7000835421888053,0.08499095840867993,0.03225806451612903,59.31666666666666,0.38199067152023247,single,False,Low
MILLION DOLLAR BABY,Tommy Richman,0.9100717896436005,0.21157323688969257,0.0967741935483871,110.78983050847458,0.5378627045983855,single,False,Medium
MODERN JAM,Travis Scott,0.41604010025062654,0.0018083182640144665,0.0,21.35,0.20856254560451762,album,True,Low
MY EYES,Travis Scott,0.41604010025062654,0.0018083182640144665,0.0,21.35,0.20856254560451762,album,True,Low
Magnetic,ILLIT,0.876289083364148,0.4394213381555154,0.06451612903225806,136.9049180327869,0.5828741689351803,single,False,Medium
Mantra,JENNIE,0.8737060041407868,0.081374321880651,0.0,57.37608695652174,0.4612652986345887,single,True,Medium
Mars,D.O.,0.6766917293233082,0.0018083182640144665,0.03225806451612903,44.35,0.34533997304408426,single,False,Low
Melt Away,TAEYEON,0.5513784461152882,0.0,0.0,27.8,0.2756892230576441,single,False,Low
Melt Down,DAY6,0.632338421812106,0.11754068716094032,0.12903225806451613,91.3378787878788,0.3772378686672383,album,False,Low
Memories,RIIZE,0.734860406831031,0.0759493670886076,0.12903225806451613,89.55116279069767,0.41602146515500105,single,False,Medium
Midas Touch,KISS OF LIFE,0.7969924812030075,0.13924050632911392,0.06451612903225806,83.15,0.4531716183066895,single,False,Medium
Midnight Fiction,ILLIT,0.7353678313430636,0.028933092224231464,0.0,41.7764705882353,0.37636384333880124,single,False,Low
Mine,aespa,0.5964912280701754,0.0018083182640144665,0.0,30.35,0.298788109514292,album,False,Low
Mistletoe,Justin Bieber,0.9223057644110275,0.0036166365280289334,0.0,46.9,0.46223787316392245,album,False,Medium
Monet,Beenzino,0.49373433583959897,0.012658227848101266,0.0,27.025,0.25066463627422986,album,True,Low
Monster,DAY6,0.5179615705931495,0.0036166365280289334,0.0,26.73333333333333,0.26006577625498345,album,False,Low
Moonlit Floor,LISA,0.8771929824561403,0.012658227848101266,0.0,46.15,0.44239395958250055,single,False,Medium
Moonlit Floor (Kiss Me),LISA,0.8944583681425787,0.014466546112115734,0.0,47.31111111111112,0.4515691479049241,single,False,Medium
Mourning,Post Malone,0.758563074352548,0.0036166365280289334,0.0,38.733333333333334,0.3803665281346827,single,True,Low
My Boy Only Breaks His Favorite Toys,Taylor Swift,0.8170426065162907,0.0018083182640144665,0.0,41.35,0.40906379873734966,album,False,Medium
My Love Mine All Mine,Mitski,0.9824561403508771,0.1446654611211573,0.3225806451612903,173.3,0.5991438375440439,album,False,Medium
My Name is Malguem,QWER,0.587719298245614,0.11392405063291139,0.0,48.5125,0.3280368643126804,single,False,Low
My Starry Love,Lim Young Woong,0.5720969089390142,0.05244122965641953,0.0967741935483871,67.53333333333333,0.3211356620761104,single,False,Low
My World,ILLIT,0.7224728487886382,0.02531645569620253,0.0,40.53333333333333,0.3688313611031798,single,False,Low
My You,Jung Kook,0.8481203007518796,0.05244122965641953,0.1935483870967742,111.3,0.4785021966922205,single,False,Medium
NEMONEMO,YENA,0.6683375104427736,0.04159132007233273,0.16129032258064516,90.53333333333333,0.3789042157592156,single,False,Low
NEURON (with Gaeko & YOON MIRAE),j-hope,0.7886382623224728,0.009041591320072333,0.0,41.13333333333333,0.3970316085572581,single,False,Low
NIGHT DANCER,imase,0.7706766917293233,0.08499095840867993,0.0,52.8375,0.41083563338726564,album,False,Medium
NIGHT DANCER - BIG Naughty Remix,imase & BIG Naughty,0.5764411027568922,0.0162748643761302,0.03225806451612903,41.75,0.29955462359451096,single,False,Low
Nest,Lim Young Woong,0.5797827903091061,0.06329113924050633,0.1935483870967742,99.71666666666667,0.34758841434605975,album,False,Low
Neva Play (feat. RM of BTS),Megan Thee Stallion & RM,0.8334168755221387,0.02531645569620253,0.0,46.06666666666667,0.4243033744699301,single,True,Medium
Never Let Go,Jung Kook,0.8691045796308953,0.15732368896925858,0.06451612903225806,89.74659090909091,0.4946526223126768,single,False,Medium
New Jeans,NewJeans,0.8188442636841213,0.5063291139240506,0.7419354838709677,355.13985765124556,0.7097079627934695,single,False,Medium
New Woman (feat. ROSALÍA),LISA & ROSALÍA,0.8666493820758794,0.05063291139240506,0.0,51.92413793103448,0.44851456445566124,single,False,Medium
Nice Guy,BOYNEXTDOOR,0.6646616541353383,0.034358047016274866,0.03225806451612903,49.15,0.3490898540757774,album,False,Low
No Boss (Feat. Dok2),E SENS,0.38095238095238093,0.0,0.0,19.3,0.19047619047619047,album,False,Low
No Tomorrow - Spotify Singles,Various Artists,0.41102756892230574,0.0036166365280289334,0.03225806451612903,31.4,0.21305038832278736,single,False,Low
Noid,"Tyler, The Creator",0.8120300751879699,0.0018083182640144665,0.0,41.1,0.40655753307318926,single,True,Medium
Noid,"Tyler, The Creator",0.8120300751879699,0.0018083182640144665,0.0,41.1,0.40655753307318926,album,True,Medium
Not Like Us,Kendrick Lamar,0.9616494065352059,0.09403254972875226,0.16129032258064516,113.86226415094339,0.5412925327023577,single,True,Medium
OMG,NewJeans,0.8650016207711707,0.5714285714285714,0.4838709677419355,288.24195583596213,0.7007035753625439,single,False,Medium
OMG (FRNK Remix),NewJeans,0.5664160401002506,0.0018083182640144665,0.0,28.85,0.2837505155293296,album,False,Low
Off The Record,IVE,0.7325456498388828,0.048824593128390596,0.0,44.93571428571428,0.3809202028579586,single,False,Low
On the street (Feat. ASH ISLAND),Leellamarz,0.3609022556390977,0.0,0.0,18.3,0.18045112781954886,single,False,Low
One Kiss,RIIZE,0.5012531328320802,0.0,0.0,25.3,0.2506265664160401,single,False,Low
"Our Blues, Our Life",Lim Young Woong,0.5919217934338609,0.6528028933092224,1.0,448.12209944751385,0.6918017647096972,album,False,Medium
Overdrive,Post Malone,0.7619047619047619,0.0,0.0,38.3,0.38095238095238093,single,False,Low
PAID,Kanye West & Ty Dolla $ign,0.7919799498746867,0.0,0.0,39.8,0.39598997493734334,album,True,Low
PALISADE,YANGHONGWON,0.37092731829573933,0.0018083182640144665,0.0,19.1,0.186006154627074,album,False,Low
PARANOIA,HEARTSTEEL & League of Legends & BAEKHYUN,0.808688387635756,0.0036166365280289334,0.0,41.233333333333334,0.4054291847762867,single,False,Medium
POWER,G-DRAGON,0.7198766146134566,0.045207956600361664,0.0,43.70384615384615,0.3735006942868368,single,False,Low
PROMOTION,¥$ & Kanye West & Ty Dolla $ign,0.47117794486215536,0.0036166365280289334,0.0,24.4,0.23667396338948637,album,True,Low
Paint The Town Red,Doja Cat,0.880508964719491,0.11573236889692586,0.0,63.41538461538462,0.47497419302882327,single,True,Medium
Paint The Town Red,Doja Cat,0.880508964719491,0.11573236889692586,0.0,63.41538461538462,0.47497419302882327,album,True,Medium
People Pt.2 (feat. IU),Agust D,0.7680311890838206,0.25858951175406875,0.06451612903225806,101.50555555555556,0.4744956738745825,album,False,Medium
Perfect Night,LE SSERAFIM,0.858260759813202,0.5009041591320071,0.4193548387096774,256.20575539568347,0.6632725953881387,single,False,Medium
Pierrot,LE SSERAFIM,0.6842105263157894,0.0054249547920434,0.0,35.325,0.3437327495955077,single,False,Low
Pink Hoodie,aespa,0.5012531328320802,0.0,0.0,25.3,0.2506265664160401,single,False,Low
Please Don't Change (feat. DJ Snake),Jung Kook,0.8407292741658066,0.1826401446654611,0.3225806451612903,172.5313725490196,0.5396728095147997,album,False,Medium
Please Please Please,Sabrina Carpenter,0.949874686716792,0.09945750452079566,0.16129032258064516,114.175,0.5370326592307637,single,True,Medium
Pleasure Shop,KEY,0.5238095238095237,0.0054249547920434,0.03225806451612903,37.325,0.2699838612456007,single,False,Low
Polaroid,Lim Young Woong,0.6227356209777882,0.9186256781193489,0.12903225806451613,223.75893909626717,0.612761965537602,single,False,Medium
Popcorn,D.O.,0.6516290726817042,0.0,0.0,32.8,0.3258145363408521,single,False,Low
Popular (with Playboi Carti & Madonna),The Weeknd & Playboi Carti & Madonna,0.7518796992481203,0.0,0.0,37.8,0.37593984962406013,single,True,Low
Promise,Jimin,0.7727891156462585,0.06148282097649187,0.29032258064516125,139.04285714285714,0.46290392024510907,single,False,Medium
Pump Up The Volume!,PLAVE,0.6403508771929824,0.0705244122965642,0.06451612903225806,63.9375,0.3542359880919121,single,False,Low
Push Ups,Drake,0.8421052631578947,0.0,0.0,42.3,0.42105263157894735,single,True,Medium
Queencard,(G)I-DLE,0.8792569659442724,0.21338155515370702,0.06451612903225806,99.55294117647058,0.5165461753246999,single,False,Medium
ROLEX,YANGHONGWON,0.42105263157894735,0.0018083182640144665,0.0,21.6,0.21106881126867802,single,False,Low
Radio,Beenzino,0.39097744360902253,0.0018083182640144665,0.0,20.1,0.19603121728371561,album,True,Low
Rah Tah Tah,"Tyler, The Creator",0.8120300751879699,0.0,0.0,40.8,0.40601503759398494,album,True,Medium
Rainbow,Lim Young Woong,0.5906865930257743,0.7305605786618444,0.6129032258064516,340.96049382716046,0.6370921152727308,album,False,Medium
Rainy Days,V,0.8569481957320485,0.3707052441229656,0.12903225806451613,144.54029126213592,0.5654921227158171,single,False,Medium
Rebirth (Intro),Jimin,0.7518796992481203,0.2314647377938517,0.03225806451612903,86.19999999999999,0.45183088386544146,album,False,Medium
Right Now,NewJeans,0.7425581497603658,0.10126582278481013,0.06451612903225806,74.13508771929824,0.41456204752207754,single,False,Medium
Right Now (Instrumental),NewJeans,0.23057644110275688,0.0018083182640144665,0.0,12.1,0.11583071603058279,single,False,Low
Rockin' Around The Christmas Tree,Brenda Lee,0.9824561403508771,0.0054249547920434,0.0,50.2,0.4928555566130516,album,False,Medium
Rockstar,LISA,0.8822055137844611,0.0325497287522604,0.03225806451612903,59.7,0.4573192884211345,single,True,Medium
Roller Coaster,NMIXX,0.7478696741854636,0.02531645569620253,0.0,41.8,0.38152977380159253,single,False,Low
Rumble,KingLee,0.5112781954887218,0.0,0.0,25.8,0.2556390977443609,single,True,Low
Runaway,Kanye West,0.8120300751879699,0.018083182640144666,0.0,43.8,0.41143999238602835,album,True,Medium
Running Wild,Jin,0.7509683299156983,0.018083182640144666,0.0,40.75454545454545,0.38090911974989256,single,False,Low
Running Wild,Jin,0.7509683299156983,0.018083182640144666,0.0,40.75454545454545,0.38090911974989256,album,False,Low
S-Class,Stray Kids,0.8508367693427116,0.054249547920433995,0.0,51.73548387096774,0.44169324904748597,album,False,Medium
SAHARA,YANGHONGWON,0.38596491228070173,0.0018083182640144665,0.0,19.85,0.1935249516195552,album,False,Low
SHEESH,BABYMONSTER,0.8547742983833209,0.16274864376130196,0.03225806451612903,79.93186813186813,0.48266335522327686,single,False,Medium
SIRENS,Travis Scott,0.0,0.0,0.0,0.3,0.0,album,True,Low
SLIDE,¥$ & Kanye West & Ty Dolla $ign,0.47117794486215536,0.0036166365280289334,0.0,24.4,0.23667396338948637,album,True,Low
SOS,KANGDANIEL,0.7359214362436705,0.0867992766726944,0.0967741935483871,81.40408163265306,0.41335533983332096,single,False,Medium
SOS (Prod. Marshmello),SEVENTEEN,0.0,0.0018083182640144665,0.0,0.6,0.0005424954792043399,album,False,Low
SPOT!,ZICO,0.7351712614870509,0.0036166365280289334,0.0,37.56666666666666,0.36867062170193415,single,False,Low
SPOT!,ZICO & JENNIE,0.8403768040791634,0.1555153707052441,0.06451612903225806,88.01379310344828,0.4797462390576065,single,False,Medium
STARS,Kanye West & Ty Dolla $ign,0.8270676691729323,0.0018083182640144665,0.0,41.85,0.41407633006567046,album,True,Medium
STUPID IN LOVE (feat. HUH YUNJIN of LE SSERAFIM),MAX,0.7350634651143989,0.054249547920433995,0.0967741935483871,75.96129032258065,0.40316143564300705,album,False,Medium
Salty & Sweet,aespa,0.7418546365914787,0.0,0.0,37.3,0.37092731829573933,single,False,Low
Sandman,Beenzino,0.42105263157894735,0.0036166365280289334,0.0,21.9,0.21161130674788237,album,True,Low
Santa Tell Me,Ariana Grande,0.961494645705172,0.018083182640144666,0.0,51.25454545454545,0.4861722776446294,single,False,Medium
Saturn,SZA,0.9012531328320802,0.0162748643761302,0.06451612903225806,67.95,0.4684122515353307,single,False,Medium
Say Less,TAEMIN,0.5112781954887218,0.0,0.0,25.8,0.2556390977443609,single,False,Low
Scenery,V,0.6758563074352548,0.019891500904159132,0.0,37.30833333333334,0.34389560398887514,single,False,Low
See that?,NMIXX,0.6478696741854636,0.04159132007233273,0.0,39.5125,0.33641223311443164,single,False,Low
Serendipity - Full Length Edition,BTS,0.7218045112781954,0.0,0.0,36.3,0.3609022556390977,album,False,Low
Set Me Free Pt.2,Jimin,0.8130349182980762,0.7739602169981916,0.0967741935483871,199.25011655011653,0.658060362958173,single,True,Medium
Set The Tone,aespa,0.6095238095238095,0.007233273056057867,0.0,31.9,0.3069318866787221,album,False,Low
Seven (David Guetta Remix),Jung Kook & Latto & David Guetta,0.44611528822055135,0.0054249547920434,0.0,23.45,0.2246851305478887,single,True,Low
Seven (feat. Latto) (Alesso Remix),Jung Kook & Latto,0.5964912280701754,0.012658227848101266,0.06451612903225806,52.15,0.3149463081959697,single,True,Low
Seven (feat. Latto) (Band Ver.),Jung Kook & Latto,0.7468671679197995,0.0162748643761302,0.0967741935483871,70.25,0.3976708819824162,single,False,Low
Seven (feat. Latto) (Explicit Ver.),Jung Kook,0.8645509878592584,0.694394213381555,0.12903225806451613,198.61948051948053,0.6664002095569989,album,True,Medium
Seven (feat. Latto) (Explicit Ver.),Jung Kook & Latto,0.9854912510634384,0.19529837251356236,0.0,81.851376146789,0.5513351372857879,single,True,Medium
Seven (feat. Latto) (Explicit Ver.),Jung Kook & Latto & BTS,0.9223057644110275,0.0018083182640144665,0.0,46.6,0.4616953776847181,single,True,Medium
Seven (feat. Latto) (Instrumental),Jung Kook & Latto,0.8040100250626566,0.034358047016274866,0.0,46.1,0.41231242663621076,single,False,Medium
Seven (feat. Latto) (Instrumental),Jung Kook & Latto & BTS,0.7819548872180451,0.0018083182640144665,0.0,39.6,0.39151993908822685,single,False,Low
Seven (feat. Latto) (Lofi Mix),Jung Kook & Latto,0.6716791979949874,0.0018083182640144665,0.0,34.1,0.33638209447669803,single,False,Low
Seven (feat. Latto) (Summer Mix),Jung Kook & Latto,0.7284878863826232,0.009041591320072333,0.03225806451612903,48.13333333333333,0.3734080334905591,single,False,Low
Sexy In The Air,TAEMIN,0.5550239234449761,0.018083182640144666,0.0,30.981818181818184,0.28293691651453146,single,False,Low
She Smiled,DAY6,0.531328320802005,0.007233273056057867,0.0,28.0,0.2678341423178199,album,False,Low
"Shh.. (Feat. HYEIN, WONSUN JOE & Special Narr. Patti Kim)",IU,0.581453634085213,0.0054249547920434,0.0,30.2,0.2923543034802195,single,False,Low
Shoong! (feat. LISA of BLACKPINK),TAEYANG,0.7909774436090226,0.0162748643761302,0.0,42.45,0.4003711811173503,album,False,Medium
Shopper,IU,0.6917293233082706,0.030741410488245934,0.0,39.9,0.3550870848006091,single,False,Low
Shot Glass of Tears,Jung Kook,0.8316346421609578,0.07956600361663653,0.16129032258064516,104.97777777777777,0.4719451866815989,album,False,Medium
Shxtty Game,DAY6,0.5012531328320802,0.0036166365280289334,0.0,25.9,0.2517115573744488,album,False,Low
Siren,RIIZE,0.6560150375939849,0.05605786618444846,0.0,42.31875,0.344824878652327,single,False,Low
Skrr (feat. GISELLE),HAON,0.5553884711779448,0.007233273056057867,0.0,29.2,0.27986421750578977,single,False,Low
Slime You Out (feat. SZA),Drake & SZA,0.37593984962406013,0.0018083182640144665,0.0,19.35,0.1885124202912344,single,True,Low
Slow Dance (feat. Sofia Carson),Jimin,0.7620601892327717,0.2314647377938517,0.03225806451612903,86.70775193798448,0.4569211288577672,album,False,Medium
Slow Dancing,V,0.9064789633658614,0.4231464737793852,0.1935483870967742,175.71063829787235,0.6188931012361011,single,False,Medium
Slow Dancing (FRNK Remix),V,0.0,0.0018083182640144665,0.0,0.6,0.0005424954792043399,single,False,Low
Slow Dancing (Piano Ver.),V,0.8574770258980785,0.10669077757685352,0.03225806451612903,70.76666666666667,0.4671973591253211,single,False,Medium
Small girl (feat. D.O.),Lee Young Ji,0.7346322796237906,0.1663652802893309,0.16129032258064516,114.53978494623655,0.4494837884148236,single,False,Medium
Smart,LE SSERAFIM,0.7750732764113674,0.21157323688969257,0.0967741935483871,104.05677966101695,0.47036344798226887,single,False,Medium
Smeraldo Garden Marching Band (feat. Loco),Jimin,0.7582522196965281,0.2314647377938517,0.03225806451612903,86.51782945736434,0.4550171440896454,album,False,Medium
Smeraldo Garden Marching Band (feat. Loco),Jimin & Loco,0.8972431077694235,0.034358047016274866,0.03225806451612903,60.75,0.46538058089282003,single,False,Medium
"Smoke (Prod. Dynamicduo, Padi)",Various Artists,0.7126511932003922,0.081374321880651,0.0,49.34347826086956,0.3807378931643914,single,False,Low
Smoothie,NCT DREAM,0.6744133059922532,0.018083182640144666,0.0,36.93636363636363,0.34263160778817003,single,False,Low
Snooze (Acoustic) (feat. Justin Bieber),SZA & Justin Bieber,0.0,0.0,0.0,0.3,0.0,single,True,Low
Snow Flower (feat. Peakboy),V,0.6791979949874687,0.019891500904159132,0.0,37.475,0.3455664477649821,single,False,Low
Snowman,Sia,0.9423558897243107,0.0162748643761302,0.03225806451612903,60.0,0.4825120170782202,album,False,Medium
"So Long, London",Taylor Swift,0.8170426065162907,0.0018083182640144665,0.0,41.35,0.40906379873734966,album,False,Medium
Somebody,D.O.,0.7619047619047619,0.0036166365280289334,0.0,38.9,0.3820373719107896,single,False,Low
Somebody,Jung Kook,0.8268289772049171,0.11211573236889692,0.5161290322580645,220.13809523809525,0.5502750147647405,album,False,Medium
Soñar (Breaker),NMIXX,0.581453634085213,0.0,0.0,29.3,0.2907268170426065,album,False,Low
Spark - WINTER Solo,aespa,0.6416040100250626,0.0,0.0,32.3,0.3208020050125313,single,False,Low
Spicy,aespa,0.83375104427736,0.2151898734177215,0.03225806451612903,87.58333333333334,0.4878840970672223,single,False,Medium
Spicy,aespa & Nitepunk,0.0,0.0,0.0,0.3,0.0,single,False,Low
Spring Snow,10CM,0.7450444292549555,0.0379746835443038,0.0967741935483871,73.7590909090909,0.4032694584004463,single,False,Medium
St. Chroma (feat. Daniel Caesar),"Tyler, The Creator",0.8120300751879699,0.0018083182640144665,0.0,41.1,0.40655753307318926,album,True,Medium
Standing Next to You,Jung Kook,0.9182330827067668,0.6925858951175407,0.16129032258064516,210.996875,0.6991503744047747,album,False,Medium
Standing Next to You (USHER Remix),Jung Kook & USHER,0.8307435254803675,0.02531645569620253,0.0,45.93333333333333,0.42296669944904447,single,False,Medium
Standing Next to You (Usher Remix),Jung Kook & USHER,0.7937387327969045,0.10126582278481013,0.0,56.68771929824561,0.4272491132338953,single,False,Medium
Standing Next to You - Sped Up - Remix,Beat Record,0.0,0.0,0.0,0.3,0.0,album,True,Low
Stay Alive (Prod. SUGA of BTS),Jung Kook,0.8251397725081935,0.0216998191681736,0.03225806451612903,55.05384615384615,0.42553144490777467,single,False,Medium
Stay With Me (Feat. Skinny Brown),ASH ISLAND,0.49122807017543857,0.0036166365280289334,0.0,25.4,0.24669902604612798,single,False,Low
Steady,NCT WISH,0.53734335839599,0.007233273056057867,0.03225806451612903,38.3,0.2772932740180382,album,False,Low
"Steal The Show - From ""Elemental""",Lauv,0.768110753073159,0.1880650994575045,0.03225806451612903,79.80952380952381,0.4469265192770567,single,False,Medium
Sticky,KISS OF LIFE,0.7979581982479134,0.19529837251356236,0.0967741935483871,102.49816513761468,0.4769234495877028,single,False,Medium
Still With You,Jung Kook,0.8650985261318433,0.19529837251356236,0.03225806451612903,85.84678899082569,0.4975903877232162,single,False,Medium
Stinky Kiss (Intro),Beenzino,0.43609022556390975,0.0018083182640144665,0.0,22.35,0.21858760826115922,album,True,Low
Sudden Shower,ECLIPSE,0.7720600201803208,0.13743218806509944,0.12903225806451613,101.6064935064935,0.4530661181225935,single,False,Medium
Sugarcoat (NATTY Solo),KISS OF LIFE,0.7383163791832521,0.028933092224231464,0.0967741935483871,71.9235294117647,0.3971929559685729,single,False,Low
Summer (Feat. BEO),Paul Blanco,0.6708074534161491,0.039783001808318265,0.0,40.356521739130436,0.34733862725057,single,True,Low
Sunflower - Spider-Man: Into the Spider-Verse,Post Malone,0.8830772583632994,0.039783001808318265,0.16129032258064516,100.94347826086957,0.48573159424027423,album,False,Medium
Super,SEVENTEEN,0.8776371308016878,0.14104882459312837,0.06451612903225806,87.47215189873418,0.494036438585234,single,False,Medium
Super Bowl,Stray Kids,0.6917293233082706,0.0,0.0,34.8,0.3458646616541353,album,False,Low
Super Lady,(G)I-DLE,0.7826709631220908,0.023508137432188065,0.03225806451612903,53.23571428571429,0.40483953569392767,album,False,Medium
Super Shy,NewJeans,0.8763718587422099,0.7377938517179022,0.1935483870967742,226.40904645476772,0.6982337623058305,single,False,Medium
Super Tuna,Jin,0.8383458646616541,0.012658227848101266,0.0,44.2125,0.42297040068525743,single,False,Medium
Supernatural,NewJeans,0.7991315869291061,0.2820976491862568,0.06451612903225806,106.95668789808917,0.4970983140268817,single,False,Medium
Supernatural (Instrumental),NewJeans,0.45614035087719296,0.009041591320072333,0.0,24.55,0.23078265283461818,single,False,Low
Supernova,aespa,0.7173087357569181,0.34900542495479203,0.06451612903225806,113.97577319587629,0.4762592211713483,single,False,Medium
Supernova,aespa,0.7173087357569181,0.34900542495479203,0.06451612903225806,113.97577319587629,0.4762592211713483,album,False,Medium
Supernova,aespa & Grimes & Flava D,0.0,0.0,0.0,0.3,0.0,single,False,Low
Supernova - Japanese Version,KANGDANIEL,0.587468671679198,0.0162748643761302,0.0,32.3,0.29861679515243805,single,False,Low
Supersonic,fromis_9,0.7123523093447905,0.1880650994575045,0.0,67.02857142857144,0.4125956845096466,single,False,Medium
Swan Song,LE SSERAFIM,0.7756892230576441,0.04159132007233273,0.03225806451612903,55.8875,0.4067736204537477,single,False,Medium
Sweet Night,V,0.80113326795249,0.039783001808318265,0.06451612903225806,66.85652173913044,0.42540476032519203,single,False,Medium
Sweet Venom,ENHYPEN,0.0,0.0,0.0,0.3,0.0,album,False,Low
T.B.H,QWER,0.6146333575875171,0.27848101265822783,0.25806451612903225,157.15483870967742,0.4424738858170334,single,False,Medium
TALKING,Kanye West & Ty Dolla $ign,0.7819548872180451,0.0,0.0,39.3,0.39097744360902253,album,True,Low
THANK GOD,Travis Scott,0.42105263157894735,0.0018083182640144665,0.0,21.6,0.21106881126867802,album,True,Low
TIME MOVING SLOW,¥$ & Kanye West & Ty Dolla $ign,0.0,0.0,0.0,0.3,0.0,album,True,Low
TOO MUCH,The Kid LAROI,0.3508771929824561,0.0,0.0,17.8,0.17543859649122806,album,True,Low
TOO MUCH,The Kid LAROI & Jung Kook & Central Cee,0.8702709153836973,0.03616636528028933,0.0,49.7047619047619,0.44598536727593546,single,True,Medium
TOPLINE (Feat. Tiger JK),Stray Kids,0.7117794486215538,0.0,0.0,35.8,0.3558897243107769,album,False,Low
Take Two,BTS,0.8954644676206646,0.27848101265822783,0.03225806451612903,101.16129032258064,0.5377281505110264,single,False,Medium
Talk Saxy,RIIZE,0.6393255866940077,0.0379746835443038,0.1935483870967742,98.48636363636363,0.36976487582964984,single,False,Low
Taste,Sabrina Carpenter,0.9323308270676691,0.0433996383363472,0.0967741935483871,84.0,0.49854014374441613,album,False,Medium
Teddy Bear,STAYC,0.7410834779255832,0.0216998191681736,0.12903225806451613,80.86153846153846,0.4028581363261469,single,False,Medium
That's What I Like,Bruno Mars,0.8721804511278195,0.007233273056057867,0.03225806451612903,55.0,0.44471182038395296,album,False,Medium
The Astronaut,JIN,0.7919799498746867,0.0,0.0,39.8,0.39598997493734334,single,False,Low
The Astronaut,Jin,0.8270676691729323,0.009041591320072333,0.03225806451612903,53.05,0.42269792488571367,single,False,Medium
The Breakup Anthem,Ebstar,0.010025062656641603,0.0,0.0,0.8,0.005012531328320802,album,False,Low
The First Snow,EXO,0.7151211361737677,0.02531645569620253,0.0,40.166666666666664,0.3651555047957446,single,False,Low
The Planet,BTS,0.8773152393178067,0.07233273056057866,0.0967741935483871,86.05609756097562,0.4797122775367544,single,False,Medium
The Tortured Poets Department,Taylor Swift,0.8320802005012531,0.0036166365280289334,0.0,42.4,0.41712509120903524,album,True,Medium
The Unknown Sea,TAEMIN,0.5112781954887218,0.0,0.0,25.8,0.2556390977443609,single,False,Low
Thirsty,aespa,0.7704367301231803,0.08318264014466546,0.03225806451612903,62.52553191489362,0.4166247700082156,single,False,Medium
Tick-Tack,ILLIT,0.7368421052631579,0.0018083182640144665,0.03225806451612903,47.35,0.37541516101400907,single,False,Low
Time of Our Life -Japanese ver.- - Japanese ver.,DAY6,0.5552115583075335,0.1826401446654611,0.29032258064516125,148.29117647058823,0.39046233868243735,single,False,Low
Timeless (with Playboi Carti),The Weeknd & Playboi Carti,0.8713450292397661,0.019891500904159132,0.0,47.05833333333334,0.4416399648911308,single,True,Medium
To. X,TAEYEON,0.7496304864725917,0.28028933092224234,0.0967741935483871,114.18782051282051,0.4782568812226459,single,False,Medium
Too Sad to Dance,Jung Kook,0.8211437685121895,0.07775768535262206,0.29032258064516125,144.15454545454546,0.4919637059909136,album,False,Medium
Touch,KATSEYE,0.8377353640511536,0.13924050632911392,0.06451612903225806,85.18205128205128,0.47354305973076255,single,False,Medium
Travel Again (Feat. Cautious Clay),Beenzino,0.5182957393483709,0.0162748643761302,0.0,28.85,0.2640303289870245,album,True,Low
Trippy (Feat. Lance Skiiiwalker),Beenzino,0.41102756892230574,0.0018083182640144665,0.0,21.1,0.20605627994035722,album,True,Low
Trust in me,Lim Young Woong,0.5794486215538847,0.0433996383363472,0.03225806451612903,46.4,0.3091958151810723,single,False,Low
Type Shit,Future & Metro Boomin,0.0,0.0,0.0,0.3,0.0,album,True,Low
UNFORGIVEN (feat. Nile Rodgers),LE SSERAFIM,0.8799669075601626,0.18444846292947556,0.0,74.78834951456311,0.49531799265892396,album,False,Medium
UNLOVE (prod. HONNE),Zion.T,0.48120300751879697,0.0,0.0,24.3,0.24060150375939848,album,False,Low
UP - KARINA Solo,aespa,0.7994987468671679,0.08499095840867993,0.0,54.275,0.42524666095618796,single,False,Medium
Underneath the Tree,Kelly Clarkson,0.8621553884711779,0.0054249547920434,0.0,44.2,0.43270518067320196,album,False,Medium
V (Peace) (feat. AKMU),Zion.T,0.556390977443609,0.0054249547920434,0.0,28.95,0.2798229751594175,album,False,Low
VIBE (feat. Jimin of BTS),TAEYANG,0.7049507827539864,0.12296564195298372,0.22580645161290322,125.85942028985507,0.4345263742854689,album,False,Medium
Vancouver,BIG Naughty,0.5870231133389028,0.014466546112115734,0.06451612903225806,51.977777777777774,0.3107547463095377,single,False,Low
Vancouver 2,BIG Naughty,0.49771487542385373,0.028933092224231464,0.0,29.923529411764704,0.2575373653791963,single,False,Low
WAY 4 LUV,PLAVE,0.5931495405179615,0.019891500904159132,0.03225806451612903,43.18333333333333,0.3089938334334543,single,False,Low
Walk,NCT 127,0.6225563909774436,0.0162748643761302,0.0,34.05,0.31616065480156086,album,False,Low
Warmth,Lim Young Woong,0.6288027761711972,0.35081374321880654,0.12903225806451613,129.86153846153846,0.4454519626641438,single,False,Medium
Water,Tyla,0.9323308270676691,0.0018083182640144665,0.0,47.1,0.4667079090130389,single,False,Medium
We got so much,LE SSERAFIM,0.6892230576441103,0.0054249547920434,0.0,35.575,0.34623901525966816,single,False,Low
Welcome To MY World (feat. nævis),aespa,0.7719298245614035,0.012658227848101266,0.0,40.9,0.38976238063513213,single,False,Low
Welcome to the Show,DAY6,0.5982998733948273,0.17359855334538876,0.1935483870967742,118.940206185567,0.3899391801203851,album,False,Low
Welcome to the Show,DAY6,0.5982998733948273,0.17359855334538876,0.1935483870967742,118.940206185567,0.3899391801203851,single,False,Low
Well?,YANGHONGWON,0.40100250626566414,0.0036166365280289334,0.0,20.9,0.20158624409124076,album,False,Low
What The Hell,E SENS,0.37092731829573933,0.0,0.0,18.8,0.18546365914786966,album,False,Low
Whiplash,aespa,0.7649679754942913,0.06329113924050633,0.0,48.952777777777776,0.40147132951929754,single,False,Medium
Who,Jimin,0.9303102718035399,0.2314647377938517,0.03225806451612903,95.09922480620155,0.5410461701431513,album,False,Medium
Who (Acoustic Remix),Jimin,0.6403637960881585,0.17359855334538876,0.16129032258064516,111.03814432989691,0.4045195285638249,album,False,Medium
Who (Beautiful Mind Remix),Jimin,0.6329927382558961,0.13924050632911392,0.3870967741935484,174.97051282051282,0.4356878758653919,album,False,Medium
Who (Funky Remix),Jimin,0.6335350571550828,0.14647377938517178,0.3870967741935484,176.19756097560975,0.43812901723180264,album,False,Medium
Who (Instrumental),Jimin,0.6284600389863547,0.1609403254972875,0.29032258064516125,148.34444444444443,0.42057663327139583,album,False,Medium
Who (Rock Remix),Jimin,0.6448795255465396,0.18083182640144663,0.16129032258064516,112.46336633663367,0.4089473752098328,album,False,Medium
Who (Shibuyakei Remix),Jimin,0.6367604404269099,0.15913200723327303,0.25806451612903225,138.45842696629214,0.41773272560924335,album,False,Medium
Why?,PLAVE,0.5433583959899749,0.007233273056057867,0.03225806451612903,38.6,0.2803007928150307,single,False,Low
Wife,(G)I-DLE,0.7244426856615221,0.06690777576853527,0.0,47.531578947368416,0.38229367556132166,single,False,Low
Wife,(G)I-DLE,0.7244426856615221,0.06690777576853527,0.0,47.531578947368416,0.38229367556132166,album,False,Low
Winter Bear,V,0.6883876357560568,0.019891500904159132,0.0,37.93333333333334,0.3501612681492761,single,False,Low
With you,Jimin & HA SUNG WOON,0.7623604465709729,0.0379746835443038,0.12903225806451613,84.62272727272727,0.41837907996168083,single,False,Medium
XO (Only If You Say Yes),ENHYPEN,0.7238095238095238,0.007233273056057867,0.0,37.6,0.3640747438215793,album,False,Low
Yes or No,Jung Kook,0.8587213891081293,0.325497287522604,0.0967741935483871,127.12872928176796,0.5463647195205233,album,False,Medium
"Yes or No (Feat. ??? of LE SSERAFIM, Crush)",GroovyRoom & HUH YUNJIN,0.7349856121785946,0.09584086799276673,0.06451612903225806,72.85740740740741,0.4091482922935789,single,False,Medium
"Yes or No (Feat. HUH YUNJIN of LE SSERAFIM, Crush)",GroovyRoom,0.6493155966840177,0.0216998191681736,0.0,36.284615384615385,0.33116774409246097,single,False,Low
You & Me,JENNIE,0.8112344352945856,0.11211573236889692,0.1935483870967742,119.36031746031746,0.4779616147773167,single,False,Medium
You & Me (Coachella ver.),JENNIE,0.5012531328320802,0.0036166365280289334,0.03225806451612903,35.9,0.2581631702776746,single,False,Low
You Were Beautiful,DAY6,0.6482873851294904,0.10669077757685352,0.4193548387096774,180.33333333333334,0.4400218935797367,album,False,Medium
Young Man,HYUKOH & ???? Sunset Rollercoaster,0.48008911166805895,0.014466546112115734,0.03225806451612903,36.644444444444446,0.25083613257089,single,False,Low
Young Man,HYUKOH & ???? Sunset Rollercoaster,0.48008911166805895,0.014466546112115734,0.03225806451612903,36.644444444444446,0.25083613257089,album,False,Low
bye,Ariana Grande,0.8320802005012531,0.007233273056057867,0.03225806451612903,53.0,0.42466169507066975,album,False,Medium
don't wanna break up again,Ariana Grande,0.8421052631578947,0.0,0.0,42.3,0.42105263157894735,album,True,Medium
double take,Dhruv,0.82302530519848,0.054249547920433995,0.1935483870967742,110.34838709677419,0.46649719439472503,album,False,Medium
eternal sunshine,Ariana Grande,0.7744360902255638,0.0054249547920434,0.0,39.825,0.3888455315503949,album,False,Low
euphoria,Kendrick Lamar,0.8120300751879699,0.0036166365280289334,0.03225806451612903,51.4,0.41355164145561946,single,True,Medium
greedy,Tate McRae,0.9512670565302144,0.014466546112115734,0.03225806451612903,60.144444444444446,0.48642510500196773,single,True,Medium
i don't know (with HUH YUNJIN of LE SSERAFIM),j-hope,0.6516290726817042,0.0,0.0,32.8,0.3258145363408521,single,False,Low
i like the way you kiss me,Artemas,0.9824561403508771,0.0018083182640144665,0.0,49.6,0.4917705656546429,single,False,Medium
i wonder... (with Jung Kook of BTS),j-hope,0.7762262799856785,0.023508137432188065,0.0,42.91428571428572,0.3951655812224957,single,False,Low
lock / unlock (with benny blanco & Nile Rodgers),j-hope,0.6516290726817042,0.0,0.0,32.8,0.3258145363408521,single,False,Low
luther (with sza),Kendrick Lamar,0.581453634085213,0.0036166365280289334,0.0,29.9,0.2918118080010152,album,False,Low
number one girl,ROSÉ,0.7694235588972431,0.0054249547920434,0.0,39.575,0.3863392658862346,single,False,Low
plot twist,TWS,0.7552468958656182,0.23508137432188064,0.12903225806451613,116.96793893129771,0.47395431184227654,single,False,Medium
squabble up,Kendrick Lamar,0.8387635756056808,0.0036166365280289334,0.0,42.733333333333334,0.4204667787612491,album,True,Medium
vampire,Olivia Rodrigo,0.9674185463659147,0.06690777576853527,0.06451612903225806,79.65,0.5166848317199696,single,True,Medium
wacced out murals,Kendrick Lamar,0.8120300751879699,0.0,0.0,40.8,0.40601503759398494,album,True,Medium
we can't be friends (wait for your love),Ariana Grande,0.9389575634000255,0.10488245931283906,0.0967741935483871,94.53050847457627,0.5202983582035419,album,False,Medium
wherever u r (ft. V of BTS),UMI & V,0.863157894736842,0.1247739602169982,0.06451612903225806,84.05,0.48191436123997206,single,False,Medium
"yes, and?",Ariana Grande,0.9269685842513259,0.0759493670886076,0.0967741935483871,89.13255813953488,0.5056239409619226,single,True,Medium
"yes, and?",Ariana Grande,0.9269685842513259,0.0759493670886076,0.0967741935483871,89.13255813953488,0.5056239409619226,album,True,Medium
